Off_Rank,Team,Games,Points,Yards,Off_Plays,Fum_Lost,Fdowns,Pass_Comp,Pass_Att,Pass_Yds,Pass_TD,Pass_Int,Pass_NYPA,Pass_1stD,Rush_Att,Rush_Yds,Rush_TD,Rush_YPA,Rush_1stD,Off_Pen,Off_Pen_Yds,Def_Rank,Opp_Points,Yds_Allowed,Def_YPP,Takeaways,Fdowns_Allowed,Pass_Yds_Allowed,Pass_TD_Allowed,Interceptions,Def_Pass_NYPA,Pass_1stD_Allowed,Rush_Yds_Allowed,Rush_TD_Allowed,Def_Rush_YPA,Rush_1stD_Allowed,Def_Pen,Def_Pen_Yds
1,Philadelphia Eagles,9,283,3393,599,5,197,177,292,2162,23,5,6.8,110,283,1231,7,4.3,65,63,578,15,179,2843,5.1,5,157,2245,14,11,5.8,113,598,4,3.6,29,59,522
9,Jacksonville Jaguars,8,206,2939,526,4,166,139,237,1607,10,5,6.5,88,278,1332,8,4.8,57,53,448,1,117,2250,4.6,6,130,1251,4,10,4.3,74,999,6,4.9,45,61,561
2,Los Angeles Rams,8,263,3057,507,8,164,149,246,2002,13,4,7.8,95,251,1055,10,4.2,53,52,433,8,155,2616,5.2,5,139,1643,10,10,5.7,88,973,8,4.6,40,48,342
21,Pittsburgh Steelers,8,167,2910,523,3,161,169,276,2039,10,9,7.1,93,237,871,5,3.7,51,54,452,2,131,2293,4.8,4,129,1440,6,7,5,77,853,6,4.5,42,53,498
3,Kansas City Chiefs,9,253,3346,538,2,180,204,294,2296,18,2,7.2,118,220,1050,6,4.8,47,72,657,28,208,3513,6,5,213,2333,16,8,6.8,124,1180,9,4.8,65,60,521
16,Minnesota Vikings,8,179,2868,526,5,161,181,277,1908,10,3,6.6,97,239,960,7,4,43,48,483,3,135,2257,4.6,3,142,1606,9,7,5.3,96,651,3,3.5,30,53,457
4,Houston Texans,8,229,2860,532,5,175,152,261,1798,20,8,6.2,100,243,1062,4,4.4,51,57,505,29,208,2713,5.6,4,144,1945,16,8,7,89,768,3,3.7,37,61,615
13,Seattle Seahawks,8,189,3029,537,2,163,188,304,2198,17,7,6.8,108,215,831,2,3.9,41,82,672,4,149,2580,5.1,6,150,1705,9,8,5.7,87,875,7,4.3,38,51,440
5,Dallas Cowboys,8,226,2964,517,4,170,164,261,1779,16,4,6.6,92,246,1185,11,4.8,67,51,500,14,178,2597,5.1,7,166,1787,14,4,5.6,99,810,4,4.4,49,48,351
18,Buffalo Bills,8,174,2430,512,4,142,154,236,1495,10,2,5.7,83,250,935,6,3.7,48,60,518,5,149,2757,5.3,6,165,2002,7,11,6.3,99,755,8,3.7,47,52,468
6,New Orleans Saints,8,221,3140,511,5,166,197,275,2158,13,4,7.6,106,228,982,8,4.3,52,51,445,7,155,2613,5.3,3,146,1684,10,9,5.8,80,929,5,4.7,48,52,392
24,Los Angeles Chargers,8,150,2662,476,2,154,173,286,1951,13,6,6.6,101,179,711,5,4,33,61,473,6,152,2696,5.2,4,157,1615,10,5,5.6,87,1081,5,4.6,56,61,520
7,New England Patriots,8,216,3289,551,3,197,206,309,2417,16,2,7.3,124,221,872,6,3.9,49,59,543,17,179,3336,6.6,3,183,2364,16,6,7.5,118,972,5,5.1,51,62,523
8,Detroit Lions,8,206,2687,527,6,153,189,303,2048,14,4,6.2,111,198,639,3,3.2,30,47,440,18,186,2734,5.6,6,152,2015,10,10,6.9,97,719,8,3.6,41,54,458
29,Cincinnati Bengals,8,129,2158,448,7,126,148,236,1580,11,8,6.1,78,188,578,2,3.1,34,55,501,9,158,2473,4.6,1,152,1541,10,5,5.4,83,932,3,3.8,46,47,378
10,Oakland Raiders,9,196,2921,520,5,166,200,313,2133,14,8,6.5,111,193,788,9,4.1,38,59,554,30,214,3250,5.8,6,170,2201,14,0,7.3,110,1049,6,4.1,51,61,560
20,Carolina Panthers,9,168,2818,586,5,178,181,294,1836,10,11,5.8,94,269,982,6,3.7,70,39,334,10,159,2467,4.9,4,140,1761,12,4,5.7,94,706,3,3.7,38,53,484
11,New York Jets,9,191,2794,534,7,151,194,275,1834,13,7,6.1,92,233,960,8,4.1,41,73,662,26,207,3198,5.4,7,189,2109,19,9,6.3,107,1089,6,4.2,50,67,575
12,Baltimore Ravens,9,190,2579,588,4,165,197,308,1491,10,10,4.6,92,261,1088,4,4.2,58,57,441,11,171,2795,4.9,5,157,1662,11,13,5.5,86,1133,6,4.2,54,59,458
28,Chicago Bears,8,134,2301,484,8,133,133,222,1260,8,7,5.2,65,243,1041,5,4.3,51,52,404,12,171,2496,5,7,148,1661,8,4,5.8,87,835,7,3.9,45,53,426
19,Atlanta Falcons,8,170,2976,482,3,163,177,270,2060,11,7,7.3,103,198,916,6,4.6,50,52,471,13,172,2574,5.1,4,160,1658,11,2,5.7,92,916,4,4.2,50,55,449
14,Tennessee Titans,8,181,2542,480,4,141,154,246,1599,7,7,6.1,82,218,943,10,4.3,43,46,448,20,193,2647,5,3,172,1873,15,9,5.9,122,774,3,3.6,39,57,460
15,Green Bay Packers,8,181,2481,491,2,165,185,290,1692,14,7,5.3,99,174,789,8,4.5,47,53,432,19,191,2859,5.6,8,171,1915,11,6,7,107,944,8,3.9,51,52,448
32,Miami Dolphins,8,116,2162,493,2,141,185,290,1541,12,9,5,89,186,621,0,3.3,31,60,455,16,179,2523,5.4,5,150,1771,12,3,6.7,97,752,6,3.7,36,68,640
17,Washington Redskins,8,177,2744,495,10,146,182,268,1955,13,4,6.7,104,205,789,6,3.8,32,45,353,21,194,2695,5.4,4,153,1811,12,8,6.2,92,884,6,4.2,43,62,523
22,Indianapolis Colts,9,162,2741,567,5,154,174,288,1853,7,6,5.7,89,244,888,8,3.6,51,58,501,32,260,3542,6.1,6,190,2517,13,7,7.5,120,1025,10,4.1,50,59,533
23,Tampa Bay Buccaneers,8,158,2836,502,5,166,189,307,2181,14,8,6.7,117,178,655,3,3.7,35,51,369,22,198,3112,5.9,7,172,2179,14,5,7.5,110,933,8,4,50,46,395
25,Denver Broncos,8,150,2618,533,7,154,173,289,1719,10,12,5.4,93,216,899,4,4.2,46,63,514,23,198,2246,4.7,2,127,1539,16,5,5.7,83,707,3,3.4,29,53,515
27,Arizona Cardinals,8,139,2700,525,4,157,184,311,2089,11,9,6.2,107,190,611,3,3.2,28,54,438,24,201,2798,5.2,1,157,1994,14,8,6.2,101,804,7,3.7,43,68,566
31,Cleveland Browns,8,119,2410,517,4,154,167,307,1649,7,17,5,86,187,761,6,4.1,42,63,554,25,202,2508,4.9,4,155,1834,16,5,6.6,99,674,5,2.9,37,62,571
26,San Francisco 49ers,9,143,2785,597,6,167,201,366,1956,6,8,4.9,107,199,829,7,4.2,46,72,569,31,239,3424,5.4,5,208,2203,16,6,6.9,112,1221,9,3.9,72,54,444
30,New York Giants,8,129,2394,492,4,133,187,298,1700,12,6,5.4,92,175,694,2,4,28,50,466,27,207,3129,5.8,4,165,2122,18,3,7,96,1007,4,4.2,56,61,520
